{
 "Reprojection_error": 0.07416468004690535,
 "Intrinsics_matrix": [
  [
   642.7546557569337,
   0.0,
   647.9365330164288
  ],
  [
   0.0,
   642.6924831766231,
   373.45365691672976
  ],
  [
   0.0,
   0.0,
   1.0
  ]
 ],
 "Intrinsics_labels": [
  "width",
  "height",
  "fx",
  "fy",
  "cx",
  "cy"
 ],
 "Intrinsics_values": [
  1280,
  720,
  642.7546557569337,
  642.6924831766231,
  647.9365330164288,
  373.45365691672976
 ],
 "Distortion_coefficients": [
  -0.05138447096602146,
  0.05641202320508721,
  0.000572902248301285,
  0.0009173229803781529,
  -0.015175428015151867
 ],
 "Extrinsics": {
  "Translation": [
   591.4081624385515,
   -0.08745200612246244,
   -0.13858272173146594
  ],
  "Quaternion": [
   -0.02688458316752131,
   -0.372154449803234,
   0.3231750407832237,
   0.8696759038252827
  ],
  "xyzquat": [
   591.4081624385515,
   -0.08745200612246244,
   -0.13858272173146594,
   -0.02688458316752131,
   -0.372154449803234,
   0.3231750407832237,
   0.8696759038252827
  ]
 }
}