{
 "Reprojection_error": 0.07416468004690535,
 "Intrinsics_matrix": [
  [
   642.7546557569337,
   0.0,
   647.9365330164288
  ],
  [
   0.0,
   642.6924831766231,
   373.45365691672976
  ],
  [
   0.0,
   0.0,
   1.0
  ]
 ],
 "Intrinsics_labels": [
  "width",
  "height",
  "fx",
  "fy",
  "cx",
  "cy"
 ],
 "Intrinsics_values": [
  1280,
  720,
  642.7546557569337,
  642.6924831766231,
  647.9365330164288,
  373.45365691672976
 ],
 "Distortion_coefficients": [
  -0.05138447096602146,
  0.05641202320508721,
  0.000572902248301285,
  0.0009173229803781529,
  -0.015175428015151867
 ],
 "Extrinsics": {
  "Translation": [
   -0.11451507761777485,
   0.1855398717024357,
   -0.08037495417522057
  ],
  "Quaternion": [
   0.19555440841377775,
   0.4011606761098856,
   -0.21848657337072758,
   0.8678088513893566
  ],
  "xyzquat": [
   -0.11451507761777485,
   0.1855398717024357,
   -0.08037495417522057,
   0.19555440841377775,
   0.4011606761098856,
   -0.21848657337072758,
   0.8678088513893566
  ]
 }
}