{
 "Reprojection_error": 0.06218292412309023,
 "Intrinsics_matrix": [
  [
   642.4262770792711,
   0.0,
   647.5434733474444
  ],
  [
   0.0,
   642.3461744750167,
   373.3602344467871
  ],
  [
   0.0,
   0.0,
   1.0
  ]
 ],
 "Intrinsics_labels": [
  "width",
  "height",
  "fx",
  "fy",
  "cx",
  "cy"
 ],
 "Intrinsics_values": [
  1280,
  720,
  642.4262770792711,
  642.3461744750167,
  647.5434733474444,
  373.3602344467871
 ],
 "Distortion_coefficients": [
  -0.05157736597224941,
  0.056699848100306115,
  0.0003809642203426856,
  0.0008133359800605952,
  -0.014772597175071326
 ],
 "Extrinsics": {
  "Translation": [
   0.011104518545514502,
   -0.05788158193417442,
   0.07319211524744033
  ],
  "Quaternion": [
   -0.006103414845565679,
   -0.0001849149536559716,
   0.0005184210656430718,
   0.9999812225103438
  ],
  "xyzquat": [
   0.011104518545514502,
   -0.05788158193417442,
   0.07319211524744033,
   -0.006103414845565679,
   -0.0001849149536559716,
   0.0005184210656430718,
   0.9999812225103438
  ]
 }
}